username,email,password,isAdmin,isStoreOwner
Abjillwo,theodore.goodwin@rediffmail.com,password,0,0
Agentoo,fnd1dumnso43@msn.com,password,0,0
Auronera,glascott.medina@msn.com,password,0,0
AwareKenji,8akspbwtg9n0p6zni@ymail.com,password,0,0
Aziners,tomson.blanchard@msn.com,password,0,0
Balmart,sxxt7y2jj5fhscu9h0c@gmail.com,password,0,0
Bestillo,seumas.russo@hotmail.com,password,0,0
Bleureli,rh4xxufpb7kco0pbq7l@ymail.com,password,0,0
BoaKenji,aiman.rojas@msn.com,password,0,0
BoboVikings,659xr1t5l8da@msn.com,password,0,0
Bundlum,boedyn.harding@outlook.com,password,0,0
Chilledba,78pnyq6l09o@rediffmail.com,password,0,0
Cleargu,geordan.johnston@hotmail.com,password,0,0
ComicVivala,appwyu5gtlmzxurc@yahoo.com,password,0,0
Crayonti,henri.osborn@comcast.net,password,0,0
Decenaler,4e0jicgcku5zvyszkk4p@rediffmail.com,password,0,0
Dinati,calum.miller@yahoo.com,password,0,0
EnergyLocal,67mxver5z90z@yahoo.com,password,0,0
Eyeot,zak.savage@googlemail.com,password,0,0
Festivergo,dzzmfsvlq99qxzjinb2@outlook.com,password,0,0
Freeridi,remo.snow@hotmail.com,password,0,0
Freezentr,cmmn9ygw1le6hr@ymail.com,password,0,0
Gayless,kade.holman@googlemail.com,password,1,1
Gelactiv,u17phu3cffikfh@gmail.com,password,0,0
Ghoulield,sameer.hunt@comcast.net,password,0,0
GutsyIcy,bxlrgu8iln3zfe0s67s2@msn.com,password,0,0
Himsent,kieryn.walsh@comcast.net,password,0,0
Horrayeria,sz9rc7lyinp6kzbyb@gmail.com,password,0,0
Innishou,zayne.paul@gmail.com,password,0,0
Ionre,u7f87pfmuranap@hotmail.com,password,1,1
IsSports,aon.olson@rediffmail.com,password,0,0
Izes,yga737dfqh@gmail.com,password,0,0
Jobinfo,moray.cameron@yahoo.com,password,0,0
Journwe,rnllm89s5mbuyryuj34@rediffmail.com,password,0,0
Kingoo,oluwalayomi.douglas@googlemail.com,password,0,0
KitRay,wsoew53h2se0t1@googlemail.com,password,0,0
Kneyor,darrell.jacobson@msn.com,password,0,0
LeadFar,lcygd42dnrgr5j@yahoo.com,password,0,0
LexJeans,finnean.griffith@hotmail.com,password,0,0
Loanem,90ctp6ro9j@ymail.com,password,0,0
Lovestar,wei.beasley@yahoo.com,password,0,0
LuckyNeil,6y2vwwvan9c87@msn.com,password,0,0
Ludainfi,ashton.hunter@googlemail.com,password,0,0
LudaTinnys,vtzbl26uw7geolak6d@comcast.net,password,0,0
Madema,brehme.daniel@gmail.com,password,0,0
MamaFestive,hcnk1ibnwjm@yahoo.com,password,0,0
MaxiPride,abdulmalik.baird@msn.com,password,0,0
Midnight,lzcjtltjd2u9w2tvr@ymail.com,password,0,0
MilkXoxox,tobey.berry@rediffmail.com,password,0,0
MrMissing,t0no9ckonh5m5n27gpks@hotmail.com,password,0,0
Mudlanter,kaison.mendoza@comcast.net,password,1,1
NewsProphecy,s94z9hherfn8@ymail.com,password,0,0
NightPower,allan.vaughn@ymail.com,password,0,0
NipZerp,1qn0ojkj4rj@comcast.net,password,0,0
Nookno,rihards.golden@aol.com,password,0,0
Nsmilens,7wo2zvrpkspyklrfu4@msn.com,password,0,0
OlympicKatr,keo.frazier@ymail.com,password,0,0
Pausecu,c13yijewtswhem0ogng@ymail.com,password,0,0
Prankst,lang.sykes@gmail.com,password,0,0
PrestigeMew,rsgq8zcaclg01rhab4@msn.com,password,0,0
ProdigyBliki,adil.frazier@hotmail.com,password,0,0
Rednami,a6tk9qboljmjn@comcast.net,password,0,0
Repords,nicolas.murray@googlemail.com,password,0,0
Rheinto,h9h7fetuwkg5rvgoub3@outlook.com,password,0,0
Rightsu,ozzy.house@aol.com,password,0,0
RollRed,y8usbq5mdrw85od1g@rediffmail.com,password,0,0
Sacenton,harvie.petersen@outlook.com,password,0,0
Salmarln,c2nvx3rb9bqd@ymail.com,password,0,0
Sandboxim,eonan.ferrell@rediffmail.com,password,0,0
Schiguer,doasrxcwuvyl9galq1@gmail.com,password,0,0
Schooty,stefano.monroe@aol.com,password,0,0
Scoobytero,sxyzryrf1d@yahoo.com,password,0,0
Sellop,rees.sloan@msn.com,password,0,0
ShayBig,j9o7bsblw02f@googlemail.com,password,0,0
Specist,iain.hancock@aol.com,password,0,0
Stirrient,4p9snhrbgsw7b1a0zwqt@hotmail.com,password,0,0
Stonne,keaton.austin@outlook.com,password,0,0
StrongerZoom,l259duqwg4ixba5db@hotmail.com,password,1,1
Suggera,raheem.pate@yahoo.com,password,0,0
Syskode,z11p3bn6jw8dpv73ugl@comcast.net,password,0,0
Tempitin,rylan.shepard@googlemail.com,password,0,0
TenKaptain,hybz4pjaic1abr6@rediffmail.com,password,0,0
TickerFlashy,kailin.klein@yahoo.com,password,0,0
TrueLil,6ff8zkvykmcp@gmail.com,password,0,0
Truent,eason.schneider@hotmail.com,password,0,0
TrueShow,t15xpn713d01fym2@gmail.com,password,0,0
Tuchmi,robby.washington@comcast.net,password,0,0
TuchRae,ncuxpkszezn0bjxw@comcast.net,password,0,0
TuchRise,stephen.raymond@ymail.com,password,0,0
UniqueDelight,7bwp7nv6nl0vb7@yahoo.com,password,0,0
UpforInspiring,kayne.kirby@rediffmail.com,password,0,0
Vasher,kl3ehxybev397@googlemail.com,password,0,0
WaySo,brannan.keith@hotmail.com,password,0,0
WeblogInformer,pcwhn2gc2yutqh1kh@aol.com,password,0,0
WeblogRomantic,suheyb.dejesus@yahoo.com,password,0,0
Winst,b8pkaq7a08mmu0zayh@ymail.com,password,0,0
Woodomni,john-paul.golden@ymail.com,password,0,0
Youngerbo,n5zajdd6eq614t@gmail.com,password,0,0
YuiIam,edward.terry@hotmail.com,password,0,0
ZinSpecials,243y35mxlgb1@msn.com,password,0,0
Ackeenhag,guy.burris@gmail.com,password,0,0
Actionalso,q3kjd53w7b7e3az@aol.com,password,0,0
Allenia,dayem.summers@ymail.com,password,0,0
Alseame,kfvat71uiz6tnn6yhhl@aol.com,password,0,0
AspectDrama,leonardas.kane@msn.com,password,0,0
Bancelle,9s1twitxsnl43ae@yahoo.com,password,0,0
Botzalue,butali.carson@comcast.net,password,0,0
BroadcastBuzz,msn5f5i3txcgc@gmail.com,password,0,0
Brooliot,soham.conrad@yahoo.com,password,0,0
BuzzFrame,wdlgd7iffkyzrotimxb@msn.com,password,0,0
Carbanerg,lucca.marshall@aol.com,password,0,0
Cellba,a37zc469xj@googlemail.com,password,0,0
CentreFavorite,maksymilian.tate@comcast.net,password,0,0
Cinemarkle,g0s6k0lc77k8qbfbdx@yahoo.com,password,0,0
Cockla,eliot.villarreal@googlemail.com,password,0,0
CompareCinema,f7k393y0y2vhwvb@ymail.com,password,0,0
CompleteDirect,lauchlan.campos@ymail.com,password,0,0
CornerReady,obk6hq5175t@ymail.com,password,0,0
Dailynn,kealon.jensen@gmail.com,password,0,0
Directisog,oet76ah984@hotmail.com,password,0,0
EchoReporter,jevan.miles@rediffmail.com,password,0,0
Enbode,mffkmxpwlmjidfb2@googlemail.com,password,0,0
EnterCam,stefano.pittman@msn.com,password,0,0
EpicTime,4tiupaacv9ryhat3@comcast.net,password,0,0
Especar,mika.reed@comcast.net,password,0,0
ExclusiveData,sgxwjddq3fyp5rph42@comcast.net,password,1,1
FavoriteScreen,cruz.sloan@hotmail.com,password,0,0
Fibretion,61sho6i8fmbymqhigy9s@comcast.net,password,0,0
FilmsChoose,devan.rios@gmail.com,password,0,0
FilmsMessage,hlpc376durwk372@hotmail.com,password,1,1
FlicksTarget,kelvan.salinas@gmail.com,password,1,1
FlickTv,5la2donu4sn66ecgyif@googlemail.com,password,0,0
Flickwa,atapattu.cardenas@ymail.com,password,0,0
Focustr,9ynaf110yep0d662bgwr@ymail.com,password,0,0
Frasci,jad.hatfield@gmail.com,password,0,0
Gearial,rastadnx1ezz7cmehe@aol.com,password,0,0
Genreke,allister.maldonado@outlook.com,password,0,0
Gicaperc,6iiykd5grb6dhq7@aol.com,password,0,0
Gingics,kalvyn.lowe@gmail.com,password,0,0
Homensimo,3x4iqb0940r2xjcly@gmail.com,password,0,0
Housego,jean-pierre.hutchinson@outlook.com,password,0,0
Jubiler,volhqxcb7qb2jw3omc@gmail.com,password,0,0
Katexo,sonny.cole@yahoo.com,password,0,0
Kidscansg,91t3v74mksb@aol.com,password,0,0
Kriscout,remy.scott@ymail.com,password,0,0
Kulakeron,454x5xb7xnewwo73@rediffmail.com,password,0,0
Latestic,maddison.moran@googlemail.com,password,0,0
Livers,0zxw0l9wfgvaxoux7c@ymail.com,password,0,0
LiveTopics,zane.mcneil@ymail.com,password,0,0
Lorense,ubmcbj7nobjyoj@gmail.com,password,0,0
Lowerst,ciarian.sherman@gmail.com,password,0,0
Magazinda,f7cl4tm5422f9vu3o0@rediffmail.com,password,0,0
Mageli,nathan.grant@comcast.net,password,0,0
MediaExclusive,32r2g1k3t0vck@gmail.com,password,0,0
Messagerm,loui.cardenas@comcast.net,password,0,0
Micropast,2fa251s2r3@outlook.com,password,0,0
MotionCamera,munmair.wade@aol.com,password,0,0
MovieFeatured,g6m4u9z3bllc4kqdx8rw@gmail.com,password,0,0
MoviesFresh,lovell.harrell@gmail.com,password,0,0
Neilvanb,xyqhvk8a9ljcsnh@rediffmail.com,password,0,0
Onert,faizaan.hodge@googlemail.com,password,0,0
OnlyTarget,9yvu5hljzwcdl6ca@rediffmail.com,password,0,0
PicturePerfect,beau.martin@ymail.com,password,0,0
PointLog,nx2v15r03x25dkbtegqj@hotmail.com,password,0,0
PointOnly,kaydin.ball@ymail.com,password,0,0
Primeri,gf2xww0f13a@yahoo.com,password,0,0
Pyretti,reeve.pierce@aol.com,password,0,0
Reedhowap,otyvjqfu4cg@ymail.com,password,0,0
Reelux,joshua.wolfe@rediffmail.com,password,0,0
Retakthla,0rjucqva4hb5sm@yahoo.com,password,0,0
Romstarad,keeton.dillon@msn.com,password,0,0
Salontr,x324cqqc98@msn.com,password,0,0
Scenett,dareh.tyson@msn.com,password,0,0
Seriesse,dcr70l5522ivs9q@yahoo.com,password,0,0
Solutioned,johannes.leon@hotmail.com,password,0,0
Specht,x24rbxeo0ttl6w@gmail.com,password,0,0
StopAnime,reggie.bruce@comcast.net,password,0,0
Storysc,s1etvqvyszza@comcast.net,password,0,0
Subjecti,aidan.torres@comcast.net,password,0,0
Subjectiona,5tsl3a1fppg7p@gmail.com,password,0,0
Tabtel,remy.brooks@msn.com,password,0,0
Talenes,ztr1ygk4y35ozz6k72xo@comcast.net,password,0,0
Talentis,gavin-lee.morrow@yahoo.com,password,0,0
Teambaco,cn7qsl5qurdj6@ymail.com,password,0,0
Tetrate,jaiden.tucker@outlook.com,password,0,0
TipsVideos,ixiu6lhm60du5b0rpb7n@googlemail.com,password,0,0
Titlessi,michael-alexander.boyer@msn.com,password,0,0
ToolsCenter,o49w6mrcpsbn6rtah15@googlemail.com,password,0,0
TrackerFlick,trafford.walton@aol.com,password,0,0
Tuberger,7k7hz704xkyrddcz8@comcast.net,password,0,0
Vardebt,peregrine.hewitt@gmail.com,password,0,0
Vedithis,thum5c867iwqggth3t@hotmail.com,password,0,0
VideosFlicks,sullivan.emerson@rediffmail.com,password,0,0
Warellst,2yv5b11ru6dd4ec8ju@hotmail.com,password,1,1
Watchaika,gregory.spencer@msn.com,password,0,0
Wayig,j8ybyrj2uq5ay733s@comcast.net,password,0,0
Whippe,fionn.nichols@outlook.com,password,0,0
WireTicker,wf32qlebhcywuqw@outlook.com,password,0,0
Xpriceit,alistair.mckinney@gmail.com,password,0,0
Zoomen,xryk0nmvh69huz7w947@googlemail.com,password,0,0
ActionBulletin,dilano.hardin@ymail.com,password,0,0
Befuniq,2wveco5feybqqzrv@googlemail.com,password,0,0
BoxNews,peregrine.best@yahoo.com,password,0,0
Cavanwi,34gbtznwt6wunpv8jwa@outlook.com,password,0,0
Cellah,xander.nolan@gmail.com,password,0,0
Cellindu,00yc1gl9iyje7q@msn.com,password,0,0
Clouder,jaymie.velazquez@msn.com,password,0,0
Cognized,hzftcamidepuj9ett@comcast.net,password,1,1
CoverageTape,zaineddine.patterson@gmail.com,password,0,0
DailyCenter,nxnf1uv53dhg@googlemail.com,password,0,0
Datagl,tobi.workman@googlemail.com,password,0,0
Datalk,vmxdi3f3z9aue8@outlook.com,password,0,0
Fiersmom,pavit.owens@msn.com,password,0,0
ForwardForward,a18htcnhm8r@comcast.net,password,0,0
GridTools,nicolae.townsend@gmail.com,password,0,0
Hotmmer,1npmog7aca9h@comcast.net,password,0,0
ImageTape,michael-james.warren@yahoo.com,password,0,0
Issuest,et9dj0idivk@aol.com,password,0,0
Panuel,crombie.fulton@outlook.com,password,0,0
PerfectPlay,my5p2glq16vbrt69n1@googlemail.com,password,0,0
ReporterFlick,nathanael.leblanc@comcast.net,password,0,0
Sadissari,z6fs6ne2glo7wwcb4@comcast.net,password,0,0
Seriesme,artur.pate@rediffmail.com,password,0,0
Signaar,3ww1d5jebc8irgh08@msn.com,password,0,0
SpectrumAction,braiden.walton@outlook.com,password,0,0
TelevisionBase,r0ervelgcba@hotmail.com,password,0,0
Trackerpush,preston-jay.burris@gmail.com,password,0,0
Villerer,4312j8v8iltj1k5fuvdi@hotmail.com,password,0,0
Wirelsen,reed.prince@outlook.com,password,0,0
Worldbrid,r0bt42t0ri5yt8sqgor@gmail.com,password,0,0
AbsoluteFrame,sylvain.pate@outlook.com,password,0,0
Buzzdeni,0x4ir6rdvogzw@outlook.com,password,0,0
Cartoonseq,tyler-jay.fox@yahoo.com,password,0,0
CellProduction,1t78o4bokth1cael8kdy@googlemail.com,password,0,0
Channey,asif.barron@ymail.com,password,0,0
CompleteDaily,r341ufq85m1zne@yahoo.com,password,0,0
DailyDaily,charley.reynolds@gmail.com,password,1,1
EnterLounge,sjnl1fzps2r842dr9l1@gmail.com,password,0,0
Expreno,sukhpal.black@hotmail.com,password,0,0
Infovan,55siybrao6p8y95@ymail.com,password,0,0
Infove,heini.gay@msn.com,password,0,0
Isaixer,7teqlvtp0j2uv@googlemail.com,password,0,0
Latestreco,noel.cameron@aol.com,password,0,0
Metriplan,7ela48jzyvvi4z@yahoo.com,password,0,0
Plastau,frankie.cote@ymail.com,password,0,0
Productionasig,30egx6o0w2i08vpj@outlook.com,password,0,0
Reecess,porter.schultz@yahoo.com,password,0,0
ReporterGossip,b0o2il4f61dud1q7@outlook.com,password,0,0
Roachia,oskar.reid@rediffmail.com,password,0,0
Salnes,19g9jrkxu6@hotmail.com,password,0,0
ScenesCharter,nico.cross@rediffmail.com,password,0,0
Sharanag,18jg6jhg8syr@outlook.com,password,0,0
Smartra,darl.humphrey@googlemail.com,password,0,0
Streamabch,3iuh4llkodds6egurjo@yahoo.com,password,0,0
Sudancepa,dolan.schwartz@outlook.com,password,0,0
Tafianz,dd24gnpgi35jt@outlook.com,password,0,0
Tonmedge,haydn.frye@outlook.com,password,0,0
TrendAbsolute,b9n424xu7er@gmail.com,password,0,0
Updateri,ammaar.rivas@hotmail.com,password,0,0
Viewspe,sp9917t88jxm@outlook.com,password,0,0
AbsoluteFrame,firaaz.dotson@msn.com,password,0,0
Buzzdeni,93m2lwk5fq1ggtl9@googlemail.com,password,0,0
Cartoonseq,valo.garza@gmail.com,password,0,0
CellProduction,i5songicx80tw@hotmail.com,password,0,0
Channey,mayeul.parks@googlemail.com,password,0,0
CompleteDaily,e3wq9lowixh9gr@outlook.com,password,0,0
DailyDaily,devin.rowland@outlook.com,password,0,0
EnterLounge,g61hwrwg4elaqjscms1@googlemail.com,password,0,0
Expreno,chris.wiley@ymail.com,password,0,0
Infovan,y0wg5vcozuu1@comcast.net,password,0,0
Infove,tamar.reese@aol.com,password,0,0
Isaixer,q1szoi5xlq5jr@hotmail.com,password,0,0
Latestreco,ahtasham.chambers@hotmail.com,password,0,0
Metriplan,tt0blwa214os1h6l@hotmail.com,password,0,0
Plastau,brydon.sellers@aol.com,password,0,0
Productionasig,rwcyxaesmplb7@msn.com,password,0,0
Reecess,muhsin.king@outlook.com,password,0,0
ReporterGossip,jjfzqkwp0y6oh3oms2@hotmail.com,password,1,1
Roachia,mantej.rosales@rediffmail.com,password,0,0
Salnes,ezqrcdngo8hh0p@comcast.net,password,0,0
ScenesCharter,liyonela-elam.barron@ymail.com,password,0,0
Sharanag,g2vtgwsbesnw6m0k@msn.com,password,0,0
Smartra,grady.maynard@yahoo.com,password,0,0
Streamabch,q0i7oa86swo974h@comcast.net,password,0,0
Sudancepa,kieryn.garcia@outlook.com,password,0,0
Tafianz,o2hxiku97lgmu0@ymail.com,password,0,0
Tonmedge,jad.gibbs@msn.com,password,0,0
TrendAbsolute,wjtjkzxs8y0d6w8jn@hotmail.com,password,0,0
Updateri,stewarty.zamora@comcast.net,password,0,0
Viewspe,gfflupkskktyl@hotmail.com,password,0,0
AbsoluteFrame,ashtyn.gillespie@msn.com,password,0,0
Buzzdeni,248pgnnt9ozeyj@gmail.com,password,0,0
Cartoonseq,ahtasham.cook@comcast.net,password,0,0
CellProduction,9t3maisg4m12n2ruyo2@rediffmail.com,password,0,0
Channey,ruaridh.nichols@ymail.com,password,0,0
CompleteDaily,sn4jydlwmnls9hqf9sv4@gmail.com,password,0,0
DailyDaily,connell.lewis@aol.com,password,0,0
EnterLounge,kq41byysvo4299bx3mm@gmail.com,password,0,0
Expreno,tyson.alford@comcast.net,password,0,0
Infovan,pbg58lkss1@aol.com,password,1,1
Infove,zack.morgan@gmail.com,password,0,0
Isaixer,cw1wefe5ckoh8m1gy@gmail.com,password,0,0
Latestreco,kiyonari.goodwin@googlemail.com,password,0,0
Metriplan,rjub9vzp1xamvcu4uba@hotmail.com,password,0,0
Plastau,nathaniel.barton@comcast.net,password,0,0
Productionasig,coc7nw4q4nef5qlxw86u@ymail.com,password,1,1
Reecess,ranolph.potter@ymail.com,password,0,0
ReporterGossip,vsueh2jjxjlxj26ofey@msn.com,password,0,0
Roachia,i.winters@yahoo.com,password,0,0
Salnes,321g3tdtput1l@msn.com,password,0,0
ScenesCharter,kit.cash@msn.com,password,0,0
Sharanag,5xyp346psasc@hotmail.com,password,0,0
Smartra,shannon.atkins@hotmail.com,password,0,0
Streamabch,duchir34vk@googlemail.com,password,0,0
Sudancepa,pasquale.hendricks@comcast.net,password,0,0
Tafianz,fqkgepxbdawnvs6n@googlemail.com,password,0,0
Tonmedge,loui.pace@googlemail.com,password,0,0
TrendAbsolute,tkjcg9iy5mcn35c8@ymail.com,password,0,0
Updateri,corey-jay.waller@msn.com,password,0,0
Viewspe,lgw1jqgmoybborg5@comcast.net,password,0,0
Buttype,karimas.maxwell@yahoo.com,password,0,0
Colourec,jyyuc7iyb8xzg5chz@aol.com,password,0,0
ComediesPin,tristain.salinas@comcast.net,password,0,0
CornerAdvice,nxjx8lt6h5kgdwag@googlemail.com,password,0,0
CoverageSmart,tyrone.hoffman@googlemail.com,password,0,0
Cruncher,hpmefexand27kadzy4@yahoo.com,password,0,0
Directp,masood.miller@msn.com,password,0,0
DiscoverWay,onfhnd4x6glot440@gmail.com,password,0,0
EssentialZoom,sohail.newton@rediffmail.com,password,0,0
Headlinesta,4ox4wz5ms60z@aol.com,password,0,0
LetterHome,sebastian.moses@rediffmail.com,password,0,0
LogChoice,uuf0yr56raq77@outlook.com,password,0,0
Manicisan,davie.keller@hotmail.com,password,0,0
Messagesco,yz9p993loy121oj@outlook.com,password,0,0
Moviesky,jeemie.blevins@outlook.com,password,0,0
Nickma,n2dvaf9l7wfgpu@hotmail.com,password,0,0
Notream,maximilian.schwartz@ymail.com,password,0,0
PerfectTake,8yfjyjefufawoascqi@gmail.com,password,0,0
Placero,kinnon.mccall@yahoo.com,password,0,0
Racendsp,tz2czhsmnhwp3jd4@msn.com,password,0,0
Razorie,harold.buchanan@hotmail.com,password,0,0
Sprura,mjqfyl4klxfzz@aol.com,password,0,0
Standarder,conal.kirby@aol.com,password,0,0
StoryStream,8k8t1fvz0x70rs4@comcast.net,password,0,0
StudioEcho,guang.mcneil@rediffmail.com,password,0,0
TeamDiary,7z9gtu2z9ycpi@rediffmail.com,password,1,1
TimeCinema,sidney.adams@comcast.net,password,0,0
Titlesto,59orxiu2gfwzj9bve9yr@gmail.com,password,0,0
Updateme,badr.pierce@comcast.net,password,0,0
Wayis,g2vdpdg6mqs9p@aol.com,password,0,0
Amathy,fodeba.gray@googlemail.com,password,0,0
Arcaccha,05jum4swrd9im9ti@hotmail.com,password,0,0
Buzzer,dylan-jack.hutchinson@yahoo.com,password,0,0
Camtion,3uz4fk5lkltlmxdxzk@rediffmail.com,password,0,0
Compareka,nasser.allen@yahoo.com,password,0,0
Dailynore,8kezaowclgezcf2d9w@gmail.com,password,0,0
Diandysn,sahaib.barron@outlook.com,password,0,0
DigestCentre,me0p9xxwm5hp@gmail.com,password,0,0
EpisodeMono,diesil.ramirez@yahoo.com,password,0,0
Featureddy,upvtblxtoscw6rhf29@ymail.com,password,0,0
Hannavita,attila.fitzgerald@yahoo.com,password,0,0
Haymyxia,kdte4xipuqkyc@msn.com,password,0,0
Laccorpho,doire.king@googlemail.com,password,0,0
MotionDirector,ymw4qsfqt88vzc@yahoo.com,password,0,0
Originalde,stefan.rodgers@googlemail.com,password,0,0
Originalys,3z5tmm14w7i5bq@gmail.com,password,0,0
Platone,theo.pittman@msn.com,password,0,0
Plazach,t7o2a6276tee@comcast.net,password,0,0
Primentli,cullen.gomez@outlook.com,password,0,0
ScenesCircle,o93xn2knvks@comcast.net,password,0,0
Simplor,fynlay.hurley@hotmail.com,password,0,0
SpecialDramas,em6xu2tll02ylf@gmail.com,password,0,0
Specializenist,brogan.thomas@ymail.com,password,0,0
Stares,08102fl043cfhwl1@yahoo.com,password,0,0
Tificid,tomasz.edwards@msn.com,password,0,0
TitlesAnime,51bjp1luaq8diw@googlemail.com,password,0,0
Tvat,mael.snow@msn.com,password,0,0
TvDigest,nemmxgzdov6so1huwi@gmail.com,password,0,0
Wayqu,zakaria.levy@ymail.com,password,0,0
Zeitgen,kjhh17q5cz@comcast.net,password,0,0
Amathy,kenlin.fields@rediffmail.com,password,1,1
Arcaccha,h61nqirtxkvz2mj1@rediffmail.com,password,0,0
Buzzer,bracken.suarez@yahoo.com,password,0,0
Camtion,8ku8tqyy4xpi@aol.com,password,0,0
Compareka,ishwar.dixon@msn.com,password,0,0
Dailynore,96u8719jkan7@hotmail.com,password,0,0
Diandysn,ole.cain@googlemail.com,password,0,0
DigestCentre,aygp8tor00t@hotmail.com,password,0,0
EpisodeMono,ivan.morse@rediffmail.com,password,0,0
Featureddy,wa7r5wiuiy@rediffmail.com,password,0,0
Hannavita,caileb-john.nieves@hotmail.com,password,0,0
Haymyxia,lmwq1yo8kikn27vf@gmail.com,password,0,0
Laccorpho,forgan.powell@gmail.com,password,0,0
MotionDirector,f63j43m1qje9t23@ymail.com,password,0,0
Originalde,conlon.stuart@ymail.com,password,0,0
Originalys,i71kzku8u3jvgy4a4th@googlemail.com,password,0,0
Platone,ishwar.brock@yahoo.com,password,0,0
Plazach,zdayamkh36oiqqxjalr@yahoo.com,password,0,0
Primentli,isaiah.donovan@rediffmail.com,password,0,0
ScenesCircle,7nyr861zzqjsb1y@comcast.net,password,0,0
